FechaOrden,Suma de PrecioUnitario,Suma de CostoUnitario,Suma de Cantidad,Suma de TotalVenta
2011-01-01 00:00:00,7156.54,4342.5884,2,7156.54
2011-01-02 00:00:00,15012.1782,9098.3231,5,15012.1782
2011-01-03 00:00:00,14313.08,8685.1768,4,14313.08
2011-01-04 00:00:00,7855.638199999999,4755.734699999999,3,7855.638199999999
2011-01-05 00:00:00,7855.638199999999,4755.734699999999,3,7855.638199999999
2011-01-06 00:00:00,20909.780000000002,12236.2858,6,20909.780000000002
2011-01-07 00:00:00,10556.53,6254.7428,3,10556.53
2011-01-08 00:00:00,14313.08,8685.1768,4,14313.08
2011-01-09 00:00:00,14134.8,8426.037,4,14134.8
2011-01-10 00:00:00,7156.54,4342.5884,2,7156.54
2011-01-11 00:00:00,25047.89,15199.0594,7,25047.89
2011-01-12 00:00:00,11230.6282,6653.8291,4,11230.6282
2011-01-13 00:00:00,14313.08,8685.1768,4,14313.08
2011-01-14 00:00:00,14134.800000000001,8426.037,4,14134.800000000001
2011-01-15 00:00:00,6953.26,4069.3885999999998,2,6953.26
2011-01-16 00:00:00,25568.7082,15353.0659,8,25568.7082
2011-01-17 00:00:00,11255.628200000001,6667.8891,4,11255.628200000001
2011-01-18 00:00:00,14313.08,8685.1768,4,14313.08
2011-01-19 00:00:00,38241.289999999986,22301.2774,11,38241.289999999986
2011-01-20 00:00:00,15012.1782,9098.3231,5,15012.1782
2011-01-21 00:00:00,10734.81,6513.882599999999,3,10734.81
2011-01-22 00:00:00,11433.9082,6927.028899999999,4,11433.9082
2011-01-23 00:00:00,17534.789999999997,10338.1914,5,17534.789999999997
2011-01-24 00:00:00,28041.32,16564.8142,8,28041.32
2011-01-25 00:00:00,19785.3646,11822.7101,8,19785.3646
2011-01-26 00:00:00,17688.07,10583.2712,5,17688.07
2011-01-27 00:00:00,14402.3382,8278.7237,5,14402.3382
2011-01-28 00:00:00,15012.1782,9098.3231,5,15012.1782
2011-01-29 00:00:00,17891.35,10856.471,5,17891.35
2011-01-30 00:00:00,10734.81,6513.882599999999,3,10734.81
2011-01-31 00:00:00,11230.6282,6653.829099999999,4,11230.6282
2011-02-01 00:00:00,17534.789999999997,10338.1914,5,17534.789999999997
2011-02-02 00:00:00,15711.2764,9511.4694,6,15711.2764
2011-02-03 00:00:00,25390.428200000002,15093.9261,8,25390.428200000002
2011-02-04 00:00:00,14313.08,8685.1768,4,14313.08
2011-02-05 00:00:00,11255.6282,6667.8890999999985,4,11255.6282
2011-02-06 00:00:00,13906.52,8138.7772,4,13906.52
2011-02-07 00:00:00,21088.059999999998,12495.4256,6,21088.059999999998
2011-02-08 00:00:00,17891.35,10856.471,5,17891.35
2011-02-09 00:00:00,21469.62,13027.7652,6,21469.62
2011-02-10 00:00:00,11929.7264,7066.975399999999,5,11929.7264
2011-02-11 00:00:00,14313.08,8685.1768,4,14313.08
2011-02-12 00:00:00,21113.059999999998,12509.4856,6,21113.059999999998
2011-02-14 00:00:00,3578.27,2171.2942,1,3578.27
2011-02-15 00:00:00,21266.339999999997,12754.5654,6,21266.339999999997
2011-02-16 00:00:00,17109.4728,10337.762,8,17109.4728
2011-02-17 00:00:00,21266.34,12754.5654,6,21266.34
2011-02-18 00:00:00,28016.32,16550.7542,8,28016.32
2011-02-19 00:00:00,17688.07,10583.2712,5,17688.07
2011-02-20 00:00:00,10531.53,6240.6828,3,10531.53
2011-02-21 00:00:00,28968.698200000003,17265.2203,9,28968.698200000003
2011-02-22 00:00:00,7652.3582,4482.5349,3,7652.3582
2011-02-23 00:00:00,24691.33,14680.7798,7,24691.33
2011-02-24 00:00:00,7156.54,4342.5884,2,7156.54
2011-02-25 00:00:00,7156.54,4342.5884,2,7156.54
2011-02-26 00:00:00,19785.3646,11822.7101,8,19785.3646
2011-02-27 00:00:00,24691.329999999998,14680.7798,7,24691.329999999998
2011-02-28 00:00:00,20859.78,12208.1658,6,20859.78
2011-03-01 00:00:00,14313.08,8685.1768,4,14313.08
2011-03-02 00:00:00,35782.7,21712.942,10,35782.7
2011-03-03 00:00:00,11433.9082,6927.028899999999,4,11433.9082
2011-03-04 00:00:00,21113.06,12509.4856,6,21113.06
2011-03-05 00:00:00,10734.81,6513.882599999999,3,10734.81
2011-03-06 00:00:00,22168.7182,13440.9115,7,22168.7182
2011-03-07 00:00:00,15012.1782,9098.3231,5,15012.1782
2011-03-08 00:00:00,10734.81,6513.882599999999,3,10734.81
2011-03-09 00:00:00,24463.050000000003,14393.52,7,24463.050000000003
2011-03-10 00:00:00,10734.81,6513.882599999999,3,10734.81
2011-03-12 00:00:00,6978.26,4083.4485999999997,2,6978.26
2011-03-13 00:00:00,8351.4564,4895.681199999999,4,8351.4564
2011-03-14 00:00:00,17891.35,10856.471,5,17891.35
2011-03-15 00:00:00,14313.08,8685.1768,4,14313.08
2011-03-16 00:00:00,15012.1782,9098.3231,5,15012.1782
2011-03-17 00:00:00,13956.52,8166.897199999999,4,13956.52
2011-03-18 00:00:00,17891.35,10856.471,5,17891.35
2011-03-19 00:00:00,25568.7082,15353.0659,8,25568.7082
2011-03-20 00:00:00,7156.54,4342.5884,2,7156.54
2011-03-21 00:00:00,22307.9764,13062.5784,8,22307.9764
2011-03-22 00:00:00,21469.62,13027.7652,6,21469.62
2011-03-23 00:00:00,22168.7182,13440.9115,7,22168.7182
2011-03-24 00:00:00,10734.81,6513.882599999999,3,10734.81
2011-03-25 00:00:00,10734.81,6513.882599999999,3,10734.81
2011-03-26 00:00:00,15012.1782,9098.3231,5,15012.1782
2011-03-27 00:00:00,27145.1846,16438.4983,10,27145.1846
2011-03-28 00:00:00,4277.3682,2584.4404999999997,2,4277.3682
2011-03-29 00:00:00,699.0982,413.1463,1,699.0982
2011-03-30 00:00:00,35782.7,21712.942,10,35782.7
2011-03-31 00:00:00,11255.6282,6667.8890999999985,4,11255.6282
2011-04-01 00:00:00,10531.53,6240.6828,3,10531.53
2011-04-02 00:00:00,14313.08,8685.1768,4,14313.08
2011-04-03 00:00:00,7156.54,4342.5884,2,7156.54
2011-04-04 00:00:00,25187.1482,14820.7263,8,25187.1482
2011-04-05 00:00:00,7652.3582,4482.5349,3,7652.3582
2011-04-06 00:00:00,11433.9082,6927.028899999999,4,11433.9082
2011-04-07 00:00:00,33246.066399999996,19849.660799999998,11,33246.066399999996
2011-04-08 00:00:00,29121.978199999998,17510.3001,9,29121.978199999998
2011-04-09 00:00:00,17891.35,10856.471,5,17891.35
2011-04-10 00:00:00,28016.320000000003,16550.7542,8,28016.320000000003
2011-04-11 00:00:00,42557.67999999999,25523.1908,12,42557.67999999999
2011-04-12 00:00:00,18233.8882,10751.3377,6,18233.8882
2011-04-13 00:00:00,10734.81,6513.882599999999,3,10734.81
2011-04-14 00:00:00,6953.26,4069.3885999999998,2,6953.26
2011-04-15 00:00:00,18183.8882,10723.2177,6,18183.8882
2011-04-16 00:00:00,10531.529999999999,6240.6828,3,10531.529999999999
2011-04-17 00:00:00,28447.88,17111.213799999998,8,28447.88
2011-04-18 00:00:00,15012.1782,9098.3231,5,15012.1782
2011-04-19 00:00:00,21469.62,13027.7652,6,21469.62
2011-04-20 00:00:00,10734.81,6513.882599999999,3,10734.81
2011-04-21 00:00:00,11255.6282,6667.8891,4,11255.6282
2011-04-22 00:00:00,15012.1782,9098.3231,5,15012.1782
2011-04-24 00:00:00,3578.27,2171.2942,1,3578.27
2011-04-25 00:00:00,7156.54,4342.5884,2,7156.54
2011-04-26 00:00:00,30024.3564,18196.6462,10,30024.3564
2011-04-27 00:00:00,15012.1782,9098.3231,5,15012.1782
2011-04-28 00:00:00,23884.4528,14148.0108,10,23884.4528
2011-04-29 00:00:00,21990.4382,13181.7717,7,21990.4382
2011-04-30 00:00:00,6749.98,3796.1888,2,6749.98
2011-05-01 00:00:00,20731.5,11977.145999999999,6,20731.5
2011-05-02 00:00:00,10734.81,6513.882599999999,3,10734.81
2011-05-03 00:00:00,13931.52,8152.8372,4,13931.52
2011-05-04 00:00:00,18412.1682,11010.477499999999,6,18412.1682
2011-05-05 00:00:00,21990.4382,13181.7717,7,21990.4382
2011-05-06 00:00:00,17509.79,10324.1314,5,17509.79
2011-05-07 00:00:00,26446.0864,16025.352,9,26446.0864
2011-05-08 00:00:00,28626.16,17370.3536,8,28626.16
2011-05-09 00:00:00,14313.08,8685.1768,4,14313.08
2011-05-10 00:00:00,21762.158199999998,12894.5119,7,21762.158199999998
2011-05-11 00:00:00,21469.62,13027.7652,6,21469.62
2011-05-12 00:00:00,19289.5464,11682.7636,7,19289.5464
2011-05-13 00:00:00,27709.759999999995,16060.594599999999,8,27709.759999999995
2011-05-14 00:00:00,28740.418200000004,16977.960499999997,9,28740.418200000004
2011-05-15 00:00:00,15507.9964,9238.2696,6,15507.9964
2011-05-16 00:00:00,24844.61,14925.8596,7,24844.61
2011-05-17 00:00:00,11433.9082,6927.028899999999,4,11433.9082
2011-05-18 00:00:00,10556.529999999999,6254.7428,3,10556.529999999999
2011-05-19 00:00:00,18590.4482,11269.6173,6,18590.4482
2011-05-20 00:00:00,14833.8982,8839.1833,5,14833.8982
2011-05-21 00:00:00,21113.059999999998,12509.4856,6,21113.059999999998
2011-05-22 00:00:00,4277.3682,2584.4404999999997,2,4277.3682
2011-05-23 00:00:00,11433.9082,6927.028899999999,4,11433.9082
2011-05-24 00:00:00,24641.33,14652.6598,7,24641.33
2011-05-25 00:00:00,10531.53,6240.6828,3,10531.53
2011-05-26 00:00:00,18590.4482,11269.6173,6,18590.4482
2011-05-27 00:00:00,7855.638199999999,4755.734699999999,3,7855.638199999999
2011-05-28 00:00:00,21633.878200000003,12663.4921,7,21633.878200000003
2011-05-29 00:00:00,17891.35,10856.471,5,17891.35
2011-05-30 00:00:00,18590.4482,11269.6173,6,18590.4482
2011-05-31 00:00:00,17688.07,10583.2712,5,17688.07
2011-06-01 00:00:00,25543.7082,15339.0059,8,25543.7082
2011-06-02 00:00:00,35401.14,21180.6024,10,35401.14
2011-06-03 00:00:00,14833.898200000001,8839.1833,5,14833.898200000001
2011-06-04 00:00:00,21063.059999999998,12481.3656,6,21063.059999999998
2011-06-05 00:00:00,17891.35,10856.471,5,17891.35
2011-06-06 00:00:00,21291.34,12768.625399999999,6,21291.34
2011-06-07 00:00:00,55454.042799999974,32855.9992,19,55454.042799999974
2011-06-08 00:00:00,17713.07,10597.3312,5,17713.07
2011-06-09 00:00:00,7156.54,4342.5884,2,7156.54
2011-06-10 00:00:00,36481.7982,22126.0883,11,36481.7982
2011-06-11 00:00:00,14313.08,8685.1768,4,14313.08
2011-06-12 00:00:00,38191.289999999986,22273.1574,11,38191.289999999986
2011-06-13 00:00:00,17688.07,10583.2712,5,17688.07
2011-06-14 00:00:00,39678.5082,23765.0429,12,39678.5082
2011-06-15 00:00:00,21965.4382,13167.7117,7,21965.4382
2011-06-16 00:00:00,11230.628200000001,6653.829099999999,4,11230.628200000001
2011-06-17 00:00:00,21469.62,13027.7652,6,21469.62
2011-06-18 00:00:00,41076.70459999999,24591.3355,14,41076.70459999999
2011-06-19 00:00:00,28715.4182,16963.9005,9,28715.4182
2011-06-20 00:00:00,26966.9046,16179.3585,10,26966.9046
2011-06-21 00:00:00,22168.7182,13440.9115,7,22168.7182
2011-06-22 00:00:00,25746.9882,15612.2057,8,25746.9882
2011-06-23 00:00:00,15012.1782,9098.3231,5,15012.1782
2011-06-24 00:00:00,19086.2664,11409.5638,7,19086.2664
2011-06-25 00:00:00,25543.7082,15339.0059,8,25543.7082
2011-06-26 00:00:00,14313.08,8685.1768,4,14313.08
2011-06-27 00:00:00,26966.904599999998,16179.3585,10,26966.904599999998
2011-06-28 00:00:00,28219.600000000002,16823.953999999998,8,28219.600000000002
2011-06-29 00:00:00,24488.050000000003,14407.58,7,24488.050000000003
2011-06-30 00:00:00,22168.7182,13440.9115,7,22168.7182
2011-07-01 00:00:00,11929.7264,7066.975399999999,5,11929.7264
2011-07-02 00:00:00,14313.08,8685.1768,4,14313.08
2011-07-03 00:00:00,28041.320000000003,16564.8142,8,28041.320000000003
2011-07-04 00:00:00,17713.07,10597.331199999999,5,17713.07
2011-07-05 00:00:00,7855.638199999999,4755.734699999999,3,7855.638199999999
2011-07-06 00:00:00,21266.34,12754.5654,6,21266.34
2011-07-07 00:00:00,8554.7364,5168.880999999999,4,8554.7364
2011-07-08 00:00:00,25365.428200000002,15079.8661,8,25365.428200000002
2011-07-09 00:00:00,17891.35,10856.471,5,17891.35
2011-07-10 00:00:00,14109.8,8411.976999999999,4,14109.8
2011-07-11 00:00:00,31619.590000000004,18736.1084,9,31619.590000000004
2011-07-12 00:00:00,25047.89,15199.0594,7,25047.89
2011-07-13 00:00:00,7855.638199999999,4755.734699999999,3,7855.638199999999
2011-07-14 00:00:00,31669.59,18764.2284,9,31669.59
2011-07-15 00:00:00,21380.5982,12362.1723,7,21380.5982
2011-07-16 00:00:00,24666.33,14666.7198,7,24666.33
2011-07-17 00:00:00,25365.4282,15079.8661,8,25365.4282
2011-07-18 00:00:00,15711.2764,9511.4694,6,15711.2764
2011-07-19 00:00:00,18590.4482,11269.6173,6,18590.4482
2011-07-20 00:00:00,21469.62,13027.7652,6,21469.62
2011-07-21 00:00:00,24691.33,14680.7798,7,24691.33
2011-07-22 00:00:00,31644.589999999997,18750.1684,9,31644.589999999997
2011-07-23 00:00:00,10734.81,6513.882599999999,3,10734.81
2011-07-24 00:00:00,25568.7082,15353.065900000001,8,25568.7082
2011-07-25 00:00:00,5675.5646,3410.7331,4,5675.5646
2011-07-26 00:00:00,17509.79,10324.1314,5,17509.79
2011-07-27 00:00:00,14833.8982,8839.1833,5,14833.8982
2011-07-28 00:00:00,15507.9964,9238.2696,6,15507.9964
2011-07-29 00:00:00,11255.628200000001,6667.8891,4,11255.628200000001
2011-07-30 00:00:00,27145.1846,16438.4983,10,27145.1846
2011-07-31 00:00:00,21762.158199999998,12894.5119,7,21762.158199999998
2011-08-01 00:00:00,18590.4482,11269.6173,6,18590.4482
2011-08-02 00:00:00,18590.4482,11269.6173,6,18590.4482
2011-08-03 00:00:00,24844.61,14925.8596,7,24844.61
2011-08-04 00:00:00,16410.3746,9924.6157,7,16410.3746
2011-08-05 00:00:00,20884.780000000002,12222.2258,6,20884.780000000002
2011-08-06 00:00:00,24087.7328,14421.2106,10,24087.7328
2011-08-07 00:00:00,21088.06,12495.4256,6,21088.06
2011-08-08 00:00:00,14109.8,8411.976999999999,4,14109.8
2011-08-09 00:00:00,10734.81,6513.882599999999,3,10734.81
2011-08-10 00:00:00,35401.14,21180.6024,10,35401.14
2011-08-11 00:00:00,40060.068199999994,24297.3825,12,40060.068199999994
2011-08-12 00:00:00,10531.529999999999,6240.6828,3,10531.529999999999
2011-08-13 00:00:00,24666.329999999998,14666.719799999999,7,24666.329999999998
2011-08-14 00:00:00,22867.8164,13854.0578,8,22867.8164
2011-08-15 00:00:00,21469.62,13027.7652,6,21469.62
2011-08-16 00:00:00,7677.358200000001,4496.5949,3,7677.358200000001
2011-08-17 00:00:00,14313.08,8685.1768,4,14313.08
2011-08-18 00:00:00,7156.54,4342.5884,2,7156.54
2011-08-19 00:00:00,18590.4482,11269.6173,6,18590.4482
2011-08-20 00:00:00,15012.1782,9098.3231,5,15012.1782
2011-08-21 00:00:00,3578.27,2171.2942,1,3578.27
2011-08-22 00:00:00,35401.14,21180.6024,10,35401.14
2011-08-23 00:00:00,17891.35,10856.471,5,17891.35
2011-08-24 00:00:00,29325.2582,17783.4999,9,29325.2582
2011-08-25 00:00:00,9253.8346,5582.0273,5,9253.8346
2011-08-26 00:00:00,39856.788199999995,24024.1827,12,39856.788199999995
2011-08-27 00:00:00,10734.81,6513.882599999999,3,10734.81
2011-08-28 00:00:00,17688.07,10583.2712,5,17688.07
2011-08-29 00:00:00,18387.1682,10996.4175,6,18387.1682
2011-08-30 00:00:00,21990.4382,13181.7717,7,21990.4382
2011-08-31 00:00:00,23363.6346,13994.0043,9,23363.6346
2011-09-01 00:00:00,25543.708199999997,15339.0059,8,25543.708199999997
2011-09-02 00:00:00,10734.81,6513.882599999999,3,10734.81
2011-09-03 00:00:00,29146.978199999998,17524.360099999998,9,29146.978199999998
2011-09-04 00:00:00,28765.418199999996,16992.0205,9,28765.418199999996
2011-09-05 00:00:00,13906.52,8138.7772,4,13906.52
2011-09-06 00:00:00,18590.4482,11269.6173,6,18590.4482
2011-09-07 00:00:00,7156.54,4342.5884,2,7156.54
2011-09-08 00:00:00,20884.780000000002,12222.2258,6,20884.780000000002
2011-09-09 00:00:00,14833.8982,8839.1833,5,14833.8982
2011-09-10 00:00:00,32115.408199999994,18876.0549,10,32115.408199999994
2011-09-11 00:00:00,11255.628200000001,6667.8891,4,11255.628200000001
2011-09-12 00:00:00,29617.7964,17650.2466,10,29617.7964
2011-09-13 00:00:00,17891.35,10856.471,5,17891.35
2011-09-14 00:00:00,25732.9664,14988.7928,9,25732.9664
2011-09-15 00:00:00,22867.8164,13854.0578,8,22867.8164
2011-09-16 00:00:00,11433.9082,6927.028899999999,4,11433.9082
2011-09-17 00:00:00,31847.870000000003,19023.368199999997,9,31847.870000000003
2011-09-18 00:00:00,14313.08,8685.1768,4,14313.08
2011-09-19 00:00:00,20884.78,12222.2258,6,20884.78
2011-09-20 00:00:00,17688.07,10583.2712,5,17688.07
2011-09-21 00:00:00,42354.39999999999,25249.990999999998,12,42354.39999999999
2011-09-22 00:00:00,17688.07,10583.2712,5,17688.07
2011-09-23 00:00:00,26267.8064,15766.212200000002,9,26267.8064
2011-09-24 00:00:00,10734.81,6513.882599999999,3,10734.81
2011-09-25 00:00:00,28626.16,17370.3536,8,28626.16
2011-09-26 00:00:00,21266.34,12754.5654,6,21266.34
2011-09-27 00:00:00,14313.08,8685.1768,4,14313.08
2011-09-28 00:00:00,13931.52,8152.8372,4,13931.52
2011-09-29 00:00:00,12133.0064,7340.1752,5,12133.0064
2011-09-30 00:00:00,10556.53,6254.7428,3,10556.53
2011-10-01 00:00:00,29121.9782,17510.3001,9,29121.9782
2011-10-02 00:00:00,24641.329999999998,14652.6598,7,24641.329999999998
2011-10-03 00:00:00,17688.07,10583.2712,5,17688.07
2011-10-04 00:00:00,14833.898200000001,8839.1833,5,14833.898200000001
2011-10-05 00:00:00,26039.5264,15478.9524,9,26039.5264
2011-10-06 00:00:00,10734.81,6513.882599999999,3,10734.81
2011-10-07 00:00:00,17891.35,10856.471,5,17891.35
2011-10-08 00:00:00,14808.898200000001,8825.1233,5,14808.898200000001
2011-10-09 00:00:00,20884.78,12222.2258,6,20884.78
2011-10-10 00:00:00,36774.3364,21992.835000000003,12,36774.3364
2011-10-11 00:00:00,13931.52,8152.8372,4,13931.52
2011-10-12 00:00:00,7855.638199999999,4755.734699999999,3,7855.638199999999
2011-10-13 00:00:00,46135.94999999998,27694.485,13,46135.94999999998
2011-10-14 00:00:00,24309.769999999997,14148.4402,7,24309.769999999997
2011-10-15 00:00:00,31847.870000000003,19023.368199999997,9,31847.870000000003
2011-10-16 00:00:00,22168.7182,13440.9115,7,22168.7182
2011-10-17 00:00:00,11230.628200000001,6653.8291,4,11230.628200000001
2011-10-18 00:00:00,33196.066399999996,19821.5408,11,33196.066399999996
2011-10-19 00:00:00,14630.6182,8565.9835,5,14630.6182
2011-10-20 00:00:00,14134.800000000001,8426.037,4,14134.800000000001
2011-10-21 00:00:00,32725.248199999998,19695.6543,10,32725.248199999998
2011-10-22 00:00:00,11230.6282,6653.829099999999,4,11230.6282
2011-10-23 00:00:00,22307.9764,13062.5784,8,22307.9764
2011-10-24 00:00:00,14313.08,8685.1768,4,14313.08
2011-10-25 00:00:00,32001.15,19268.447999999997,9,32001.15
2011-10-26 00:00:00,16410.3746,9924.6157,7,16410.3746
2011-10-27 00:00:00,38979.40999999999,23351.8966,11,38979.40999999999
2011-10-28 00:00:00,40174.32639999999,23904.9894,13,40174.32639999999
2011-10-29 00:00:00,37180.8964,22539.2346,12,37180.8964
2011-10-30 00:00:00,17891.35,10856.471,5,17891.35
2011-10-31 00:00:00,12133.0064,7340.1752,5,12133.0064
2011-11-01 00:00:00,38979.40999999999,23351.8966,11,38979.40999999999
2011-11-02 00:00:00,11751.4464,6807.8356,5,11751.4464
2011-11-03 00:00:00,22982.074600000004,13461.664700000001,9,22982.074600000004
2011-11-04 00:00:00,14630.618199999999,8565.9835,5,14630.618199999999
2011-11-05 00:00:00,32521.968199999996,19422.4545,10,32521.968199999996
2011-11-06 00:00:00,21266.34,12754.5654,6,21266.34
2011-11-07 00:00:00,7652.358200000001,4482.5349,3,7652.358200000001
2011-11-08 00:00:00,13931.519999999999,8152.8372,4,13931.519999999999
2011-11-09 00:00:00,32001.15,19268.448,9,32001.15
2011-11-10 00:00:00,40021.04639999999,23659.909600000003,13,40021.04639999999
2011-11-11 00:00:00,21063.06,12481.3656,6,21063.06
2011-11-12 00:00:00,22168.7182,13440.9115,7,22168.7182
2011-11-13 00:00:00,30316.894599999996,18063.3929,11,30316.894599999996
2011-11-14 00:00:00,31644.589999999997,18750.168400000002,9,31644.589999999997
2011-11-15 00:00:00,28447.88,17111.213799999998,8,28447.88
2011-11-16 00:00:00,15329.7164,8979.129799999999,6,15329.7164
2011-11-17 00:00:00,21291.34,12768.625399999999,6,21291.34
2011-11-18 00:00:00,21266.34,12754.5654,6,21266.34
2011-11-19 00:00:00,21266.34,12754.5654,6,21266.34
2011-11-20 00:00:00,24641.33,14652.659800000001,7,24641.33
2011-11-21 00:00:00,22828.7946,13216.5849,9,22828.7946
2011-11-22 00:00:00,28943.6982,17251.1603,9,28943.6982
2011-11-23 00:00:00,18590.4482,11269.6173,6,18590.4482
2011-11-24 00:00:00,14808.8982,8825.1233,5,14808.8982
2011-11-25 00:00:00,14808.898200000001,8825.1233,5,14808.898200000001
2011-11-26 00:00:00,3578.27,2171.2942,1,3578.27
2011-11-27 00:00:00,21965.4382,13167.7117,7,21965.4382
2011-11-28 00:00:00,7652.358200000001,4482.5349,3,7652.358200000001
2011-11-29 00:00:00,14313.08,8685.1768,4,14313.08
2011-11-30 00:00:00,39881.788199999995,24038.2427,12,39881.788199999995
2011-12-01 00:00:00,7652.3582,4482.5349,3,7652.3582
2011-12-02 00:00:00,21787.1582,12908.5719,7,21787.1582
2011-12-03 00:00:00,18412.1682,11010.477499999999,6,18412.1682
2011-12-04 00:00:00,24666.33,14666.719799999999,7,24666.33
2011-12-05 00:00:00,25187.1482,14820.7263,8,25187.1482
2011-12-06 00:00:00,28422.879999999997,17097.1538,8,28422.879999999997
2011-12-07 00:00:00,17534.789999999997,10338.1914,5,17534.789999999997
2011-12-08 00:00:00,25365.428200000002,15079.8661,8,25365.428200000002
2011-12-09 00:00:00,17713.07,10597.331199999999,5,17713.07
2011-12-10 00:00:00,33920.164600000004,20248.7471,12,33920.164600000004
2011-12-11 00:00:00,8173.1764,4636.5414,4,8173.1764
2011-12-12 00:00:00,13956.52,8166.897199999999,4,13956.52
2011-12-13 00:00:00,15711.2764,9511.4694,6,15711.2764
2011-12-14 00:00:00,7156.54,4342.5884,2,7156.54
2011-12-15 00:00:00,18590.4482,11269.6173,6,18590.4482
2011-12-16 00:00:00,27462.722799999996,16319.305,11,27462.722799999996
2011-12-17 00:00:00,40352.60639999999,24164.129200000003,13,40352.60639999999
2011-12-18 00:00:00,21787.1582,12908.571899999999,7,21787.1582
2011-12-19 00:00:00,29121.9782,17510.3001,9,29121.9782
2011-12-20 00:00:00,17713.07,10597.3312,5,17713.07
2011-12-21 00:00:00,44273.4146,26230.2901,15,44273.4146
2011-12-22 00:00:00,21990.4382,13181.771700000001,7,21990.4382
2011-12-23 00:00:00,17713.07,10597.331199999999,5,17713.07
2011-12-24 00:00:00,24641.329999999994,14652.6598,7,24641.329999999994
2011-12-25 00:00:00,32001.149999999998,19268.448,9,32001.149999999998
2011-12-26 00:00:00,14808.8982,8825.1233,5,14808.8982
2011-12-27 00:00:00,28219.599999999995,16823.953999999998,8,28219.599999999995
2011-12-28 00:00:00,18233.8882,10751.3377,6,18233.8882
2011-12-29 00:00:00,14497.731,8383.8831,8,14497.731
2011-12-30 00:00:00,3964.99,2413.0396,3,3964.99
2011-12-31 00:00:00,28400.000699999997,17308.654000000002,13,28400.000699999997
2012-01-01 00:00:00,16331.0121,9894.645100000002,9,16331.0121
2012-01-02 00:00:00,21177.255299999997,12668.409499999998,10,21177.255299999997
2012-01-03 00:00:00,22461.4989,13539.275399999999,11,22461.4989
2012-01-04 00:00:00,18077.866,10538.5441,9,18077.866
2012-01-05 00:00:00,13480.485700000001,8105.4342,6,13480.485700000001
2012-01-06 00:00:00,11056.316,6367.0487,5,11056.316
2012-01-07 00:00:00,9894.095,6027.820399999999,7,9894.095
2012-01-08 00:00:00,19769.286,11679.834499999999,12,19769.286
2012-01-09 00:00:00,17471.6803,10345.871299999999,8,17471.6803
2012-01-10 00:00:00,22918.712,13356.8937,12,22918.712
2012-01-11 00:00:00,21941.807099999998,12958.421799999998,10,21941.807099999998
2012-01-12 00:00:00,7851.2525000000005,4844.9632,4,7851.2525000000005
2012-01-13 00:00:00,11709.9828,6870.526499999999,6,11709.9828
2012-01-14 00:00:00,25195.982099999994,15315.206900000001,11,25195.982099999994
2012-01-15 00:00:00,10939.9174,6241.268,7,10939.9174
2012-01-16 00:00:00,15176.0917,9007.008,8,15176.0917
2012-01-17 00:00:00,19365.250699999997,11641.055,10,19365.250699999997
2012-01-18 00:00:00,20937.4864,12537.421000000002,10,20937.4864
2012-01-19 00:00:00,16056.3,9839.0944,7,16056.3
2012-01-20 00:00:00,15529.583900000001,9211.2442,7,15529.583900000001
2012-01-21 00:00:00,11250.7,6890.238799999999,6,11250.7
2012-01-22 00:00:00,17007.7424,9993.875399999997,9,17007.7424
2012-01-23 00:00:00,9638.5632,5752.6705999999995,5,9638.5632
2012-01-24 00:00:00,18926.006699999998,11408.7062,10,18926.006699999998
2012-01-25 00:00:00,9616.544600000001,5685.556500000001,5,9616.544600000001
2012-01-26 00:00:00,12693.612500000001,7803.375999999999,6,12693.612500000001
2012-01-27 00:00:00,17244.836,10072.330899999999,10,17244.836
2012-01-28 00:00:00,19782.566,11649.783899999999,9,19782.566
2012-01-29 00:00:00,16261.209600000002,9571.794199999998,9,16261.209600000002
2012-01-30 00:00:00,13647.8932,8244.8702,8,13647.8932
2012-01-31 00:00:00,11952.59,7288.2282,6,11952.59
2012-02-01 00:00:00,18929.8899,11224.057799999999,9,18929.8899
2012-02-02 00:00:00,15923.835700000001,9624.220599999999,7,15923.835700000001
2012-02-03 00:00:00,24183.309499999996,14268.2467,12,24183.309499999996
2012-02-04 00:00:00,23229.494599999998,14005.864500000003,11,23229.494599999998
2012-02-05 00:00:00,15943.7846,9528.6653,8,15943.7846
2012-02-06 00:00:00,14674.535300000001,8677.9169,8,14674.535300000001
2012-02-07 00:00:00,7412.6607,4352.826800000001,4,7412.6607
2012-02-08 00:00:00,8501.778199999999,5116.7959999999985,5,8501.778199999999
2012-02-09 00:00:00,20022.0321,11835.840600000001,9,20022.0321
2012-02-10 00:00:00,26391.076600000004,15416.328000000001,12,26391.076600000004
2012-02-11 00:00:00,18225.6274,10718.467200000001,10,18225.6274
2012-02-12 00:00:00,22547.250699999997,13567.387999999999,12,22547.250699999997
2012-02-13 00:00:00,9550.7417,5561.8886,5,9550.7417
2012-02-14 00:00:00,18247.646,10785.581299999998,10,18247.646
2012-02-15 00:00:00,16397.557099999998,9602.019599999998,8,16397.557099999998
2012-02-16 00:00:00,23598.283900000002,14175.15,11,23598.283900000002
2012-02-17 00:00:00,21889.7007,13248.558599999998,12,21889.7007
2012-02-18 00:00:00,19015.6417,11252.1704,10,19015.6417
2012-02-19 00:00:00,20281.4471,11926.341999999999,10,20281.4471
2012-02-20 00:00:00,11059.4571,6598.6937,5,11059.4571
2012-02-21 00:00:00,20145.0996,11896.1166,11,20145.0996
2012-02-22 00:00:00,20517.332799999996,12241.978900000002,11,20517.332799999996
2012-02-23 00:00:00,20835.5264,12409.151599999997,13,20835.5264
2012-02-24 00:00:00,18683.8653,11170.116499999998,11,18683.8653
2012-02-25 00:00:00,16577.5025,10127.698400000001,8,16577.5025
2012-02-26 00:00:00,12824.4464,7494.3552,6,12824.4464
2012-02-27 00:00:00,15220.431700000001,9086.168000000001,8,15220.431700000001
2012-02-28 00:00:00,23309.822700000004,13538.2251,12,23309.822700000004
2012-02-29 00:00:00,2854.4096,1604.5625,2,2854.4096
2012-03-01 00:00:00,11554.455,7059.9002,7,11554.455
2012-03-02 00:00:00,16814.1303,10027.0419,8,16814.1303
2012-03-03 00:00:00,10443.8746,6251.4231,6,10443.8746
2012-03-04 00:00:00,8726.25,5282.7352,4,8726.25
2012-03-05 00:00:00,8988.0375,5480.8378,4,8988.0375
2012-03-06 00:00:00,3226.34,2005.493,2,3226.34
2012-03-07 00:00:00,18755.9239,11216.7372,9,18755.9239
2012-03-08 00:00:00,15933.922000000002,9194.9555,9,15933.922000000002
2012-03-09 00:00:00,16856.0978,9998.600699999999,9,16856.0978
2012-03-10 00:00:00,15371.217800000002,9113.9047,8,15371.217800000002
2012-03-11 00:00:00,9783.9521,5824.9925,7,9783.9521
2012-03-12 00:00:00,18462.720999999998,10796.922699999997,11,18462.720999999998
2012-03-13 00:00:00,16369.8385,9634.558899999998,10,16369.8385
2012-03-14 00:00:00,8855.5732,5265.964,4,8855.5732
2012-03-15 00:00:00,8262.312100000001,4930.7393,5,8262.312100000001
2012-03-16 00:00:00,9726.6875,5888.3844,5,9726.6875
2012-03-17 00:00:00,18668.1024,11025.955199999999,9,18668.1024
2012-03-18 00:00:00,14257.22,8669.188,9,14257.22
2012-03-19 00:00:00,9868.9353,5729.061299999999,7,9868.9353
2012-03-20 00:00:00,10904.671400000001,6371.773999999999,5,10904.671400000001
2012-03-21 00:00:00,8328.115,5054.4072,5,8328.115
2012-03-22 00:00:00,8602.8271,5109.957899999999,7,8602.8271
2012-03-23 00:00:00,15697.294200000002,9295.612000000001,9,15697.294200000002
2012-03-24 00:00:00,9372.8925,5739.2164,6,9372.8925
2012-03-25 00:00:00,19363.2709,11321.879799999999,10,19363.2709
2012-03-26 00:00:00,5013.6507,2913.2003999999997,3,5013.6507
2012-03-27 00:00:00,2854.4096,1604.5625,2,2854.4096
2012-03-28 00:00:00,12950.189200000003,7607.1642,7,12950.189200000003
2012-03-29 00:00:00,13599.67,8350.3586,9,13599.67
2012-03-30 00:00:00,13143.4985,7629.0659,8,13143.4985
2012-03-31 00:00:00,12726.9253,7204.043599999999,8,12726.9253
2012-04-01 00:00:00,15551.905300000002,9223.2901,7,15551.905300000002
2012-04-02 00:00:00,12798.544600000001,7611.889499999999,7,12798.544600000001
2012-04-03 00:00:00,5035.9721,2925.2463,3,5035.9721
2012-04-04 00:00:00,12183.7042,6848.325499999999,7,12183.7042
2012-04-05 00:00:00,11488.652100000001,6936.2323,7,11488.652100000001
2012-04-06 00:00:00,13869.526700000002,8124.0962,7,13869.526700000002
2012-04-07 00:00:00,6958.1196,4155.4287,3,6958.1196
2012-04-08 00:00:00,8593.7857,5067.8614,4,8593.7857
2012-04-09 00:00:00,15574.226700000001,9235.336,7,15574.226700000001
2012-04-10 00:00:00,17916.638199999998,10827.571199999998,12,17916.638199999998
2012-04-11 00:00:00,24070.794100000003,13957.817600000002,13,24070.794100000003
2012-04-12 00:00:00,12627.8096,7679.7081,6,12627.8096
2012-04-13 00:00:00,10856.4482,6477.2624,6,10856.4482
2012-04-14 00:00:00,13687.0224,7929.7158,9,13687.0224
2012-04-15 00:00:00,10945.128200000001,6635.5824,6,10945.128200000001
2012-04-16 00:00:00,13122.222,7145.658399999998,7,13122.222
2012-04-17 00:00:00,21384.836900000006,12021.3295,12,21384.836900000006
2012-04-18 00:00:00,14342.2032,8573.2568,9,14342.2032
2012-04-19 00:00:00,19119.8052,10936.6401,10,19119.8052
2012-04-20 00:00:00,12820.5632,7679.003599999999,7,12820.5632
2012-04-21 00:00:00,12183.7042,6848.325499999999,7,12183.7042
2012-04-22 00:00:00,18273.8506,10612.9788,9,18273.8506
2012-04-23 00:00:00,12423.170300000002,7034.382199999998,7,12423.170300000002
2012-04-24 00:00:00,15475.8471,8977.4864,9,15475.8471
2012-04-25 00:00:00,6806.475,4160.1539999999995,3,6806.475
2012-04-26 00:00:00,10771.465,6573.1936000000005,6,10771.465
2012-04-27 00:00:00,10071.9442,5850.4926,6,10071.9442
2012-04-28 00:00:00,23374.114899999997,13954.1426,12,23374.114899999997
2012-04-29 00:00:00,7191.33,4418.5326000000005,5,7191.33
2012-04-30 00:00:00,10815.805,6652.3535999999995,6,10815.805
2012-05-01 00:00:00,8745.4303,5063.1361,4,8745.4303
2012-05-02 00:00:00,10528.8578,6155.4919,6,10528.8578
2012-05-03 00:00:00,2443.35,1518.7864,1,2443.35
2012-05-04 00:00:00,7712.532499999999,4707.1366,6,7712.532499999999
2012-05-05 00:00:00,16046.9032,9684.496599999999,9,16046.9032
2012-05-06 00:00:00,7036.8471,4136.5446999999995,5,7036.8471
2012-05-07 00:00:00,13998.849900000001,8107.324999999999,7,13998.849900000001
2012-05-08 00:00:00,7479.322099999999,4444.0327,4,7479.322099999999
2012-05-09 00:00:00,13759.081,7976.336499999999,7,13759.081
2012-05-10 00:00:00,21086.758499999996,12425.0945,11,21086.758499999996
2012-05-11 00:00:00,10771.465,6573.1936,6,10771.465
2012-05-12 00:00:00,8855.5732,5265.964,4,8855.5732
2012-05-13 00:00:00,11321.2446,6796.796300000001,5,11321.2446
2012-05-14 00:00:00,5297.759599999999,3123.3489,3,5297.759599999999
2012-05-15 00:00:00,15371.2178,9113.9047,8,15371.2178
2012-05-16 00:00:00,8761.1932,5207.2973999999995,6,8761.1932
2012-05-17 00:00:00,11226.8646,6738.1297,7,11226.8646
2012-05-18 00:00:00,7302.5178,4149.9989,4,7302.5178
2012-05-19 00:00:00,16503.347700000002,9378.0711,9,16503.347700000002
2012-05-20 00:00:00,10108.4014,5915.117999999999,7,10108.4014
2012-05-21 00:00:00,7479.322099999999,4444.0327,4,7479.322099999999
2012-05-22 00:00:00,7036.8471,4136.5447,5,7036.8471
2012-05-23 00:00:00,17768.411,10468.5361,10,17768.411
2012-05-24 00:00:00,16073.1078,9511.894100000001,8,16073.1078
2012-05-25 00:00:00,10333.7317,6048.5952,6,10333.7317
2012-05-26 00:00:00,13709.457499999999,8440.685199999996,14,13709.457499999999
2012-05-27 00:00:00,10945.128200000001,6635.5824,6,10945.128200000001
2012-05-28 00:00:00,10923.1096,6568.4682999999995,6,10923.1096
2012-05-29 00:00:00,15652.6514,9271.5202,9,15652.6514
2012-05-30 00:00:00,20038.0978,11924.933700000001,11,20038.0978
2012-05-31 00:00:00,14560.5092,8659.7374,9,14560.5092
2012-06-01 00:00:00,29610.3024,17531.330200000004,16,29610.3024
2012-06-02 00:00:00,3832.5257,2198.1657999999998,3,3832.5257
2012-06-03 00:00:00,20158.0242,11753.564699999999,13,20158.0242
2012-06-04 00:00:00,11640.1803,6547.675599999999,6,11640.1803
2012-06-05 00:00:00,28692.289200000003,17161.048200000005,17,28692.289200000003
2012-06-06 00:00:00,18854.134500000004,10923.185899999999,11,18854.134500000004
2012-06-07 00:00:00,9913.2753,5808.2213,7,9913.2753
2012-06-08 00:00:00,16078.8917,8938.514199999998,10,16078.8917
2012-06-09 00:00:00,24853.784100000004,14444.524200000002,14,24853.784100000004
2012-06-10 00:00:00,32050.511300000002,18818.471600000004,17,32050.511300000002
2012-06-11 00:00:00,22172.1792,12934.812499999998,12,22172.1792
2012-06-12 00:00:00,25960.1785,15492.717899999998,16,25960.1785
2012-06-13 00:00:00,9376.7757,5554.567999999999,5,9376.7757
2012-06-14 00:00:00,15425.8071,8997.979799999997,11,15425.8071
2012-06-15 00:00:00,18267.594900000004,10690.025999999998,11,18267.594900000004
2012-06-16 00:00:00,19796.5355,11035.870399999998,10,19796.5355
2012-06-17 00:00:00,28409.501500000002,15884.1327,14,28409.501500000002
2012-06-18 00:00:00,24809.141300000003,14420.4324,14,24809.141300000003
2012-06-19 00:00:00,5120.9553,2829.3151,3,5120.9553
2012-06-20 00:00:00,19834.317000000003,11247.145799999998,12,19834.317000000003
2012-06-21 00:00:00,21190.179899999996,12525.8576,12,21190.179899999996
2012-06-22 00:00:00,22517.4359,12896.920699999997,13,22517.4359
2012-06-23 00:00:00,12028.1764,7037.699199999999,8,12028.1764
2012-06-24 00:00:00,15720.3577,8891.3645,8,15720.3577
2012-06-25 00:00:00,15892.420300000002,9402.508699999998,9,15892.420300000002
2012-06-26 00:00:00,20363.289200000003,11598.765799999997,10,20363.289200000003
2012-06-27 00:00:00,22998.767099999997,13916.972500000003,14,22998.767099999997
2012-06-28 00:00:00,15836.014200000001,9433.4386,7,15836.014200000001
2012-06-29 00:00:00,11311.8478,6642.1984999999995,7,11311.8478
2012-06-30 00:00:00,12444.7496,7462.721499999999,8,12444.7496
2012-07-01 00:00:00,19703.4831,11556.166599999999,12,19703.4831
2012-07-02 00:00:00,13519.6149,7790.279799999998,7,13519.6149
2012-07-03 00:00:00,18628.9732,11341.1096,8,18628.9732
2012-07-04 00:00:00,13497.2935,7778.233899999999,7,13497.2935
2012-07-05 00:00:00,4363.125,2641.3676,2,4363.125
2012-07-06 00:00:00,14623.171,8551.7603,9,14623.171
2012-07-07 00:00:00,15733.2823,8748.8126,10,15733.2823
2012-07-08 00:00:00,18141.6891,10343.0368,9,18141.6891
2012-07-09 00:00:00,15558.2714,9212.853599999999,11,15558.2714
2012-07-10 00:00:00,13976.5285,8095.279099999998,7,13976.5285
2012-07-11 00:00:00,13254.686300000001,7360.5322,7,13254.686300000001
2012-07-12 00:00:00,20861.731000000003,12236.5491,12,20861.731000000003
2012-07-13 00:00:00,12339.232000000002,6658.951799999999,6,12339.232000000002
2012-07-14 00:00:00,15997.9081,9233.6284,10,15997.9081
2012-07-15 00:00:00,20057.278100000003,11705.3346,11,20057.278100000003
2012-07-16 00:00:00,11047.222000000002,6157.3827,7,11047.222000000002
2012-07-17 00:00:00,12972.2078,7674.278299999999,7,12972.2078
2012-07-18 00:00:00,9418.2774,5347.014799999999,5,9418.2774
2012-07-19 00:00:00,15176.833800000002,8590.7146,7,15176.833800000002
2012-07-20 00:00:00,12316.1685,7063.199299999998,7,12316.1685
2012-07-21 00:00:00,16608.7489,9798.009399999999,10,16608.7489
2012-07-22 00:00:00,21357.587399999997,12665.293599999997,14,21357.587399999997
2012-07-23 00:00:00,13759.081,7976.336499999999,7,13759.081
2012-07-24 00:00:00,6298.197099999999,3728.9981,4,6298.197099999999
2012-07-25 00:00:00,20300.6274,11706.7429,10,20300.6274
2012-07-26 00:00:00,5275.4382000000005,3111.303,3,5275.4382000000005
2012-07-27 00:00:00,11450.5678,6780.0251,5,11450.5678
2012-07-28 00:00:00,13474.23,8182.481399999999,8,13474.23
2012-07-29 00:00:00,9240.4282,5524.3426,6,9240.4282
2012-07-30 00:00:00,17468.5392,10114.226299999998,8,17468.5392
2012-07-31 00:00:00,18137.805900000003,10527.6852,10,18137.805900000003
2012-08-01 00:00:00,19623.897100000002,11607.512599999998,10,19623.897100000002
2012-08-02 00:00:00,11302.451,6487.600699999999,9,11302.451
2012-08-03 00:00:00,30851.064500000004,18290.5741,17,30851.064500000004
2012-08-04 00:00:00,16834.8213,9515.1932,8,16834.8213
2012-08-05 00:00:00,22601.3742,13272.351099999998,14,22601.3742
2012-08-06 00:00:00,15937.8052,9010.3071,8,15937.8052
2012-08-07 00:00:00,17215.7931,9958.2202,11,17215.7931
2012-08-08 00:00:00,20491.401200000004,11386.8632,11,20491.401200000004
2012-08-09 00:00:00,14937.3677,8404.6579,7,14937.3677
2012-08-10 00:00:00,8351.1785,4650.1597,4,8351.1785
2012-08-11 00:00:00,18597.088700000004,10507.972899999999,10,18597.088700000004
2012-08-12 00:00:00,20359.7088,11728.346,11,20359.7088
2012-08-13 00:00:00,18595.1853,11011.796499999999,11,18595.1853
2012-08-14 00:00:00,18592.0442,10780.151499999996,11,18592.0442
2012-08-15 00:00:00,8241.0356,4447.3318,4,8241.0356
2012-08-16 00:00:00,24793.378399999998,14276.271099999998,12,24793.378399999998
2012-08-17 00:00:00,24439.583400000003,14127.1031,13,24439.583400000003
2012-08-18 00:00:00,19122.6435,11223.3533,10,19122.6435
2012-08-19 00:00:00,17484.3021,10258.3876,10,17484.3021
2012-08-20 00:00:00,20287.6502,11681.725299999998,13,20287.6502
2012-08-21 00:00:00,21481.010299999998,12838.0709,11,21481.010299999998
2012-08-22 00:00:00,4009.33,2492.1996,3,4009.33
2012-08-23 00:00:00,19663.026299999998,11292.358199999999,11,19663.026299999998
2012-08-24 00:00:00,28936.500299999992,17562.307300000004,15,28936.500299999992
2012-08-25 00:00:00,10067.7582,6090.2092,7,10067.7582
2012-08-26 00:00:00,5363.5625,3247.0168000000003,3,5363.5625
2012-08-27 00:00:00,12771.5681,7228.135399999999,8,12771.5681
2012-08-28 00:00:00,10036.3428,5868.497299999999,9,10036.3428
2012-08-29 00:00:00,19707.6691,11316.45,11,19707.6691
2012-08-30 00:00:00,11315.731,6457.550099999999,6,11315.731
2012-08-31 00:00:00,11905.108900000001,6977.423199999999,6,11905.108900000001
2012-09-01 00:00:00,33055.6905,19207.010400000006,17,33055.6905
2012-09-02 00:00:00,9852.1275,6056.2616,6,9852.1275
2012-09-03 00:00:00,12985.132400000002,7531.7264,9,12985.132400000002
2012-09-04 00:00:00,24456.694000000003,13744.8346,14,24456.694000000003
2012-09-05 00:00:00,9134.1685,5136.8663,5,9134.1685
2012-09-06 00:00:00,9528.4203,5549.842699999999,5,9528.4203
2012-09-07 00:00:00,13099.1585,7549.905899999998,8,13099.1585
2012-09-08 00:00:00,33090.633700000006,19131.572600000003,19,33090.633700000006
2012-09-09 00:00:00,14915.046300000002,8392.612,7,14915.046300000002
2012-09-10 00:00:00,16591.1692,9568.8531,9,16591.1692
2012-09-11 00:00:00,11211.101700000001,6593.968400000001,5,11211.101700000001
2012-09-12 00:00:00,13957.3482,8314.8782,7,13957.3482
2012-09-13 00:00:00,18491.2981,10731.921399999997,9,18491.2981
2012-09-14 00:00:00,29939.493400000003,17404.345300000004,15,29939.493400000003
2012-09-15 00:00:00,19898.912,11607.9951,12,19898.912
2012-09-16 00:00:00,15794.899200000002,9112.197099999998,11,15794.899200000002
2012-09-17 00:00:00,8479.7596,5049.6819,5,8479.7596
2012-09-18 00:00:00,8687.8103,5014.0267,7,8687.8103
2012-09-19 00:00:00,12821.3053,7262.7101999999995,6,12821.3053
2012-09-20 00:00:00,6797.0782,4005.5562,5,6797.0782
2012-09-21 00:00:00,8657.6088,4872.3541000000005,4,8657.6088
2012-09-22 00:00:00,11505.4599,6609.031999999999,8,11505.4599
2012-09-23 00:00:00,5686.4978,3197.0791,4,5686.4978
2012-09-24 00:00:00,24681.8878,14599.872999999998,13,24681.8878
2012-09-25 00:00:00,17551.2663,10294.525300000001,10,17551.2663
2012-09-26 00:00:00,20934.648100000002,12250.707799999998,10,20934.648100000002
2012-09-27 00:00:00,20805.3249,12267.479000000001,10,20805.3249
2012-09-28 00:00:00,19033.7771,11503.932900000002,11,19033.7771
2012-09-29 00:00:00,26338.081900000005,14766.276800000001,13,26338.081900000005
2012-09-30 00:00:00,8195.6507,4839.5334,5,8195.6507
2012-10-01 00:00:00,19375.034200000002,11266.8581,12,19375.034200000002
2012-10-02 00:00:00,16363.3034,9093.594500000001,10,16363.3034
2012-10-03 00:00:00,8413.0982,4958.476000000001,5,8413.0982
2012-10-04 00:00:00,18831.510299999998,10966.208200000001,11,18831.510299999998
2012-10-05 00:00:00,23720.882300000005,13624.0012,13,23720.882300000005
2012-10-06 00:00:00,19119.805200000003,10936.640099999999,10,19119.805200000003
2012-10-07 00:00:00,12316.910600000001,6646.9059,6,12316.910600000001
2012-10-08 00:00:00,24067.653,13726.172599999998,13,24067.653
2012-10-09 00:00:00,12622.598800000002,7285.3937,7,12622.598800000002
2012-10-10 00:00:00,29402.3356,17093.2589,18,29402.3356
2012-10-11 00:00:00,13693.580900000003,7797.6004,7,13693.580900000003
2012-10-12 00:00:00,16742.0717,9980.4212,10,16742.0717
2012-10-13 00:00:00,13911.028400000003,7916.5430000000015,7,13911.028400000003
2012-10-14 00:00:00,25764.193900000002,15418.283199999996,16,25764.193900000002
2012-10-15 00:00:00,22504.511300000002,13039.472600000001,11,22504.511300000002
2012-10-16 00:00:00,11094.4003,6523.2559,7,11094.4003
2012-10-17 00:00:00,13772.0056,7833.784599999999,9,13772.0056
2012-10-18 00:00:00,5530.97,3386.4528,5,5530.97
2012-10-19 00:00:00,8453.555,5222.2844,6,8453.555
2012-10-20 00:00:00,10159.7657,6041.274599999999,6,10159.7657
2012-10-21 00:00:00,27973.864400000002,16062.5409,15,27973.864400000002
2012-10-22 00:00:00,23318.864100000003,13580.3216,15,23318.864100000003
2012-10-23 00:00:00,11434.9153,6702.474499999998,9,11434.9153
2012-10-24 00:00:00,19600.3645,11400.335299999999,11,19600.3645
2012-10-25 00:00:00,15940.946300000003,9241.9521,8,15940.946300000003
2012-10-26 00:00:00,11510.115,6980.7402,7,11510.115
2012-10-27 00:00:00,17193.4717,9946.174299999999,11,17193.4717
2012-10-28 00:00:00,22080.005400000002,12317.254100000002,13,22080.005400000002
2012-10-29 00:00:00,21870.793400000002,12440.4395,11,21870.793400000002
2012-10-30 00:00:00,21306.5259,12484.068800000001,15,21306.5259
2012-10-31 00:00:00,17070.4042,9885.898299999999,9,17070.4042
2012-11-01 00:00:00,20654.067000000006,11743.409599999999,14,20654.067000000006
2012-11-02 00:00:00,24977.5937,14088.5068,15,24977.5937
2012-11-03 00:00:00,16918.7596,9890.623599999999,9,16918.7596
2012-11-04 00:00:00,25894.561999999998,14930.1504,15,25894.561999999998
2012-11-05 00:00:00,12529.7328,7366.7903,8,12529.7328
2012-11-06 00:00:00,10267.0703,5957.389299999999,6,10267.0703
2012-11-07 00:00:00,19305.5345,10888.938999999998,12,19305.5345
2012-11-08 00:00:00,21685.919899999997,12570.770699999997,13,21685.919899999997
2012-11-09 00:00:00,11719.024199999998,6912.622999999998,9,11719.024199999998
2012-11-10 00:00:00,16663.1752,9447.904299999998,12,16663.1752
2012-11-11 00:00:00,15867.260600000001,9103.749600000001,9,15867.260600000001
2012-11-12 00:00:00,12157.8024,6965.8598,8,12157.8024
2012-11-13 00:00:00,13231.622800000001,7764.779699999999,8,13231.622800000001
2012-11-14 00:00:00,4624.9125,2839.4701999999997,2,4624.9125
2012-11-15 00:00:00,13516.473800000002,7558.634799999999,7,13516.473800000002
2012-11-16 00:00:00,16303.4799,9488.2848,10,16303.4799
2012-11-17 00:00:00,17724.071,10389.376099999998,10,17724.071
2012-11-18 00:00:00,20486.6595,11603.973599999998,12,20486.6595
2012-11-19 00:00:00,21560.4799,12402.8935,12,21560.4799
2012-11-20 00:00:00,26135.3524,15262.857099999997,16,26135.3524
2012-11-21 00:00:00,11267.5078,6563.038499999999,7,11267.5078
2012-11-22 00:00:00,19686.0898,10888.1107,10,19686.0898
2012-11-23 00:00:00,18268.337,10273.7326,10,18268.337
2012-11-24 00:00:00,20228.5688,11660.1222,12,20228.5688
2012-11-25 00:00:00,15237.239500000001,8758.9677,9,15237.239500000001
2012-11-26 00:00:00,27077.3174,16169.0796,15,27077.3174
2012-11-27 00:00:00,26456.221299999997,15482.562799999996,17,26456.221299999997
2012-11-28 00:00:00,25571.440299999995,15418.987700000001,15,25571.440299999995
2012-11-29 00:00:00,22098.024400000002,12185.185199999998,13,22098.024400000002
2012-11-30 00:00:00,9841.216699999999,5761.600599999998,9,9841.216699999999
2012-12-01 00:00:00,13028.6139,7643.348399999999,9,13028.6139
2012-12-02 00:00:00,11962.3735,6914.031299999999,8,11962.3735
2012-12-03 00:00:00,20711.989800000003,11737.450799999999,11,20711.989800000003
2012-12-04 00:00:00,17348.2574,10173.093999999997,11,17348.2574
2012-12-05 00:00:00,31240.544800000003,17948.0109,17,31240.544800000003
2012-12-06 00:00:00,13733.9213,7677.577399999999,7,13733.9213
2012-12-07 00:00:00,24479.015400000004,13756.880500000001,14,24479.015400000004
2012-12-08 00:00:00,20345.270200000003,11730.834699999998,10,20345.270200000003
2012-12-09 00:00:00,21213.2434,12121.610099999998,11,21213.2434
2012-12-10 00:00:00,19296.6095,11230.673900000002,10,19296.6095
2012-12-11 00:00:00,17238.1145,9970.2661,11,17238.1145
2012-12-12 00:00:00,25137.893,14654.672700000003,14,25137.893
2012-12-13 00:00:00,10263.1871,6142.0377,7,10263.1871
2012-12-14 00:00:00,17437.1238,9892.5144,10,17437.1238
2012-12-15 00:00:00,14933.4845,8589.3063,8,14933.4845
2012-12-16 00:00:00,23565.3545,13813.3749,14,23565.3545
2012-12-17 00:00:00,16322.6602,9268.685699999998,10,16322.6602
2012-12-18 00:00:00,24517.266000000007,14579.580699999999,16,24517.266000000007
2012-12-19 00:00:00,9130.2853,5321.5147,6,9130.2853
2012-12-20 00:00:00,15782.2774,9199.680799999998,9,15782.2774
2012-12-21 00:00:00,19442.7405,10886.7024,11,19442.7405
2012-12-22 00:00:00,15759.956,9187.634900000001,9,15759.956
2012-12-23 00:00:00,11678.2646,6703.882799999999,8,11678.2646
2012-12-24 00:00:00,28395.532000000003,16498.0462,13,28395.532000000003
2012-12-25 00:00:00,21557.758,12500.0117,13,21557.758
2012-12-26 00:00:00,13210.043500000002,7336.4403999999995,7,13210.043500000002
2012-12-27 00:00:00,19556.766600000003,10904.881899999998,10,19556.766600000003
2012-12-28 00:00:00,23882.150000000005,14602.703900000002,33,23882.150000000005
2012-12-29 00:00:00,25012.94000000001,14450.194400000002,34,25012.94000000001
2012-12-30 00:00:00,34702.23,20295.8817,51,34702.23
2012-12-31 00:00:00,43261.94999999999,25392.965599999996,46,43261.94999999999
2013-01-01 00:00:00,29395.530000000006,17887.966599999996,31,29395.530000000006
2013-01-02 00:00:00,12731.869999999997,7099.8007,20,12731.869999999997
2013-01-03 00:00:00,32610.410000000003,19593.353,39,32610.410000000003
2013-01-04 00:00:00,27286.219999999994,15610.103499999997,30,27286.219999999994
2013-01-05 00:00:00,32547.010000000002,19254.9097,41,32547.010000000002
2013-01-06 00:00:00,21768.050000000003,13073.6218,31,21768.050000000003
2013-01-07 00:00:00,43128.65999999998,25332.069399999997,57,43128.65999999998
2013-01-08 00:00:00,22658.10000000001,13728.051800000001,36,22658.10000000001
2013-01-09 00:00:00,29544.90000000001,17065.837,37,29544.90000000001
2013-01-10 00:00:00,27043.499999999993,16359.655199999996,33,27043.499999999993
2013-01-11 00:00:00,30162.27000000001,17565.8831,48,30162.27000000001
2013-01-12 00:00:00,24009.809999999998,14095.3421,31,24009.809999999998
2013-01-13 00:00:00,29122.6,17108.319199999998,37,29122.6
2013-01-14 00:00:00,16852.89,10425.6355,19,16852.89
2013-01-15 00:00:00,17589.649999999998,10680.786800000002,29,17589.649999999998
2013-01-16 00:00:00,42868.02,25662.314599999994,60,42868.02
2013-01-17 00:00:00,10582.129999999997,6211.801799999999,22,10582.129999999997
2013-01-18 00:00:00,29124.639999999992,17452.042699999998,34,29124.639999999992
2013-01-19 00:00:00,27932.68,17065.779,29,27932.68
2013-01-20 00:00:00,45980.21999999998,27153.379,62,45980.21999999998
2013-01-21 00:00:00,24386.23000000001,14366.747300000003,33,24386.23000000001
2013-01-22 00:00:00,37024.83999999998,21618.6246,39,37024.83999999998
2013-01-23 00:00:00,19972.429999999993,11829.669299999998,33,19972.429999999993
2013-01-24 00:00:00,21646.86,13259.883800000003,34,21646.86
2013-01-25 00:00:00,46031.60999999998,26929.382100000006,54,46031.60999999998
2013-01-26 00:00:00,21076.429999999997,12413.8253,22,21076.429999999997
2013-01-27 00:00:00,32584.890000000007,19231.0108,39,32584.890000000007
2013-01-28 00:00:00,22066.960000000006,12977.8114,82,22066.960000000006
2013-01-29 00:00:00,16967.22999999999,9951.602699999992,77,16967.22999999999
2013-01-30 00:00:00,33986.55,19699.02930000001,98,33986.55
2013-01-31 00:00:00,22874.42000000002,13044.614300000001,72,22874.42000000002
2013-02-01 00:00:00,10078.18999999999,5614.258799999995,69,10078.18999999999
2013-02-02 00:00:00,31139.980000000014,18051.979799999997,81,31139.980000000014
2013-02-03 00:00:00,39127.77999999997,23118.3195,105,39127.77999999997
2013-02-04 00:00:00,40356.15,23885.82730000001,135,40356.15
2013-02-05 00:00:00,36118.69999999998,21268.320000000014,104,36118.69999999998
2013-02-06 00:00:00,8910.23999999999,4945.274199999996,62,8910.23999999999
2013-02-07 00:00:00,23066.270000000026,13895.361100000002,70,23066.270000000026
2013-02-08 00:00:00,38425.51000000002,22867.014000000003,105,38425.51000000002
2013-02-09 00:00:00,26252.180000000055,14764.599700000002,93,26252.180000000055
2013-02-10 00:00:00,21679.57000000003,12489.594099999998,94,21679.57000000003
2013-02-11 00:00:00,8599.259999999991,4964.403399999996,73,8599.259999999991
2013-02-12 00:00:00,24282.80000000001,13916.792999999996,102,24282.80000000001
2013-02-13 00:00:00,30150.460000000043,18131.1453,92,30150.460000000043
2013-02-14 00:00:00,43087.67000000002,25714.09900000001,101,43087.67000000002
2013-02-15 00:00:00,31918.760000000053,18562.00860000001,110,31918.760000000053
2013-02-16 00:00:00,22461.130000000005,13461.208199999995,77,22461.130000000005
2013-02-17 00:00:00,21802.56000000005,13257.947800000004,96,21802.56000000005
2013-02-18 00:00:00,16165.959999999994,9559.819899999999,45,16165.959999999994
2013-02-19 00:00:00,23387.929999999997,13384.643599999994,69,23387.929999999997
2013-02-20 00:00:00,37764.03000000008,21649.608200000006,125,37764.03000000008
2013-02-21 00:00:00,33230.640000000065,19428.39820000001,111,33230.640000000065
2013-02-22 00:00:00,32829.45000000003,19367.6994,99,32829.45000000003
2013-02-23 00:00:00,16008.069999999989,9357.020400000001,79,16008.069999999989
2013-02-24 00:00:00,28830.230000000047,16337.1381,98,28830.230000000047
2013-02-25 00:00:00,33293.54000000003,20016.243600000013,115,33293.54000000003
2013-02-26 00:00:00,30171.929999999993,18343.0376,99,30171.929999999993
2013-02-27 00:00:00,24928.260000000053,14870.421899999998,96,24928.260000000053
2013-02-28 00:00:00,21682.219999999994,12919.446,64,21682.219999999994
2013-03-01 00:00:00,39062.540000000015,23017.805900000003,104,39062.540000000015
2013-03-02 00:00:00,39160.46000000003,22849.373600000006,93,39160.46000000003
2013-03-03 00:00:00,27160.40000000002,16457.8024,104,27160.40000000002
2013-03-04 00:00:00,36862.96000000002,21491.3233,87,36862.96000000002
2013-03-05 00:00:00,34230.99000000002,19902.159500000005,82,34230.99000000002
2013-03-06 00:00:00,29936.140000000014,17701.081099999996,103,29936.140000000014
2013-03-07 00:00:00,35264.54000000002,20486.590000000007,106,35264.54000000002
2013-03-08 00:00:00,38526.840000000055,21918.67500000001,105,38526.840000000055
2013-03-09 00:00:00,31479.22000000003,18532.633900000008,92,31479.22000000003
2013-03-10 00:00:00,21555.010000000013,12815.308799999993,68,21555.010000000013
2013-03-11 00:00:00,38088.75000000004,22346.1577,118,38088.75000000004
2013-03-12 00:00:00,55040.90999999997,31316.11950000001,119,55040.90999999997
2013-03-13 00:00:00,35640.30000000004,20929.167200000007,101,35640.30000000004
2013-03-14 00:00:00,31224.53000000007,18092.06830000001,102,31224.53000000007
2013-03-15 00:00:00,21868.750000000007,12926.364300000001,84,21868.750000000007
2013-03-16 00:00:00,24757.810000000023,14466.788400000005,99,24757.810000000023
2013-03-17 00:00:00,31205.82000000001,18386.932900000003,113,31205.82000000001
2013-03-18 00:00:00,56994.559999999925,33577.07470000003,134,56994.559999999925
2013-03-19 00:00:00,45898.34000000001,27725.481299999996,102,45898.34000000001
2013-03-20 00:00:00,22758.250000000007,13581.243199999994,96,22758.250000000007
2013-03-21 00:00:00,41133.65999999999,24337.8106,98,41133.65999999999
2013-03-22 00:00:00,36196.57999999999,21091.870099999996,117,36196.57999999999
2013-03-23 00:00:00,24647.83000000003,14350.588000000005,79,24647.83000000003
2013-03-24 00:00:00,30622.010000000024,18525.952800000003,74,30622.010000000024
2013-03-25 00:00:00,28113.300000000032,16609.498200000005,90,28113.300000000032
2013-03-26 00:00:00,37555.04999999998,22136.74410000001,118,37555.04999999998
2013-03-27 00:00:00,21540.840000000015,12435.368599999996,95,21540.840000000015
2013-03-28 00:00:00,22156.83000000001,12722.999000000002,61,22156.83000000001
2013-03-29 00:00:00,29898.150000000012,18020.4966,98,29898.150000000012
2013-03-30 00:00:00,23280.40000000001,13884.394899999994,97,23280.40000000001
2013-03-31 00:00:00,37285.63,21160.12860000001,122,37285.63
2013-04-01 00:00:00,30241.500000000033,17720.542600000004,103,30241.500000000033
2013-04-02 00:00:00,33602.150000000045,20104.80480000001,87,33602.150000000045
2013-04-03 00:00:00,40329.219999999994,23420.968299999997,114,40329.219999999994
2013-04-04 00:00:00,44215.620000000024,25855.93850000002,140,44215.620000000024
2013-04-05 00:00:00,25087.920000000013,14899.883699999995,100,25087.920000000013
2013-04-06 00:00:00,44783.539999999986,26505.446,144,44783.539999999986
2013-04-07 00:00:00,38458.640000000014,22640.162900000003,102,38458.640000000014
2013-04-08 00:00:00,27019.710000000006,15284.375399999999,93,27019.710000000006
2013-04-09 00:00:00,39264.85999999999,22958.9022,94,39264.85999999999
2013-04-10 00:00:00,36800.8,21696.816000000003,100,36800.8
2013-04-11 00:00:00,33827.03000000004,20123.111800000002,88,33827.03000000004
2013-04-12 00:00:00,36403.66999999999,21921.230400000008,106,36403.66999999999
2013-04-13 00:00:00,36815.30000000002,21420.822800000005,117,36815.30000000002
2013-04-14 00:00:00,26472.920000000016,15829.520199999994,63,26472.920000000016
2013-04-15 00:00:00,36296.19,21354.5198,93,36296.19
2013-04-16 00:00:00,44742.04000000001,26628.764600000002,104,44742.04000000001
2013-04-17 00:00:00,39091.95999999998,22838.074200000003,88,39091.95999999998
2013-04-18 00:00:00,21821.920000000006,12466.969199999994,107,21821.920000000006
2013-04-19 00:00:00,33740.680000000044,20290.381000000016,99,33740.680000000044
2013-04-20 00:00:00,42574.96999999998,24695.44360000001,126,42574.96999999998
2013-04-21 00:00:00,37425.45000000003,21627.21110000001,107,37425.45000000003
2013-04-22 00:00:00,17322.7,10194.759699999999,70,17322.7
2013-04-23 00:00:00,26986.680000000004,15791.327099999997,98,26986.680000000004
2013-04-24 00:00:00,43913.52999999998,25121.49680000001,118,43913.52999999998
2013-04-25 00:00:00,30604.170000000013,18127.936499999996,76,30604.170000000013
2013-04-26 00:00:00,35378.67000000003,21504.6608,93,35378.67000000003
2013-04-27 00:00:00,27180.950000000004,15823.229299999999,83,27180.950000000004
2013-04-28 00:00:00,35597.31999999998,20922.2493,97,35597.31999999998
2013-04-29 00:00:00,35771.35999999999,21189.084900000005,95,35771.35999999999
2013-04-30 00:00:00,26989.580000000013,16301.442100000002,88,26989.580000000013
2013-05-01 00:00:00,37470.24999999999,21397.129699999998,93,37470.24999999999
2013-05-02 00:00:00,48336.71999999998,28892.611000000023,136,48336.71999999998
2013-05-03 00:00:00,27996.140000000054,16372.905100000002,109,27996.140000000054
2013-05-04 00:00:00,32023.170000000056,18149.9422,97,32023.170000000056
2013-05-05 00:00:00,37971.7,22685.368700000014,91,37971.7
2013-05-06 00:00:00,38904.98999999999,22501.920100000018,120,38904.98999999999
2013-05-07 00:00:00,27802.550000000003,16533.0657,78,27802.550000000003
2013-05-08 00:00:00,46138.999999999985,27541.91740000001,96,46138.999999999985
2013-05-09 00:00:00,52375.999999999985,31179.659600000017,115,52375.999999999985
2013-05-10 00:00:00,18036.62999999999,10576.9232,70,18036.62999999999
2013-05-11 00:00:00,36441.22000000001,21190.437000000005,111,36441.22000000001
2013-05-12 00:00:00,35431.77000000002,20375.914499999995,103,35431.77000000002
2013-05-13 00:00:00,35510.5,21438.230100000004,116,35510.5
2013-05-14 00:00:00,40926.46000000003,24425.39960000001,114,40926.46000000003
2013-05-15 00:00:00,37822.29999999998,22280.33420000001,94,37822.29999999998
2013-05-16 00:00:00,40869.910000000025,24132.37200000001,113,40869.910000000025
2013-05-17 00:00:00,38941.33000000003,22343.75530000001,130,38941.33000000003
2013-05-18 00:00:00,42624.58999999996,24456.8831,119,42624.58999999996
2013-05-19 00:00:00,26427.180000000008,15744.002500000004,61,26427.180000000008
2013-05-20 00:00:00,37493.11,21806.719100000006,119,37493.11
2013-05-21 00:00:00,57735.92000000001,34065.3576,136,57735.92000000001
2013-05-22 00:00:00,37425.66999999999,21863.831500000004,90,37425.66999999999
2013-05-23 00:00:00,60237.559999999976,34700.09010000003,141,60237.559999999976
2013-05-24 00:00:00,34621.39000000004,20396.780800000004,83,34621.39000000004
2013-05-25 00:00:00,42056.96999999997,24303.531600000017,102,42056.96999999997
2013-05-26 00:00:00,49682.64999999998,29196.7436,114,49682.64999999998
2013-05-27 00:00:00,52677.159999999974,31234.5556,122,52677.159999999974
2013-05-28 00:00:00,45268.29999999997,27603.81290000002,121,45268.29999999997
2013-05-29 00:00:00,33469.650000000074,19736.753200000014,122,33469.650000000074
2013-05-30 00:00:00,62521.749999999985,37532.78170000003,133,62521.749999999985
2013-05-31 00:00:00,51221.810000000005,31150.409400000008,133,51221.810000000005
2013-06-01 00:00:00,62344.56999999994,36334.9441,136,62344.56999999994
2013-06-02 00:00:00,50580.91,29913.71230000001,132,50580.91
2013-06-03 00:00:00,55130.24999999994,32372.606500000005,129,55130.24999999994
2013-06-04 00:00:00,71614.71000000002,42912.36200000005,155,71614.71000000002
2013-06-05 00:00:00,76198.25000000003,45987.658200000034,189,76198.25000000003
2013-06-06 00:00:00,46696.17,27441.039200000003,127,46696.17
2013-06-07 00:00:00,45938.02000000001,27075.96810000002,110,45938.02000000001
2013-06-08 00:00:00,27892.950000000048,16102.4081,93,27892.950000000048
2013-06-09 00:00:00,57091.51999999998,34038.9238,137,57091.51999999998
2013-06-10 00:00:00,69166.46999999988,39952.01270000002,151,69166.46999999988
2013-06-11 00:00:00,58687.24999999989,34182.30160000001,157,58687.24999999989
2013-06-12 00:00:00,59791.149999999936,35360.75940000001,119,59791.149999999936
2013-06-13 00:00:00,57073.30999999992,33637.66930000002,149,57073.30999999992
2013-06-14 00:00:00,36484.200000000026,21595.796099999992,107,36484.200000000026
2013-06-15 00:00:00,48911.07000000002,29322.558800000003,120,48911.07000000002
2013-06-16 00:00:00,66461.77999999996,39404.02640000001,143,66461.77999999996
2013-06-17 00:00:00,63173.30999999994,36396.15430000001,138,63173.30999999994
2013-06-18 00:00:00,67439.99999999994,40835.990500000036,133,67439.99999999994
2013-06-19 00:00:00,63254.6999999999,36851.97120000002,134,63254.6999999999
2013-06-20 00:00:00,34126.35000000001,19669.63690000002,78,34126.35000000001
2013-06-21 00:00:00,54071.81,32734.880400000005,119,54071.81
2013-06-22 00:00:00,42767.21000000001,25049.140100000008,130,42767.21000000001
2013-06-23 00:00:00,50970.719999999965,30222.073500000017,130,50970.719999999965
2013-06-24 00:00:00,60090.20999999996,35998.71780000001,131,60090.20999999996
2013-06-25 00:00:00,47853.50999999999,28644.571500000002,99,47853.50999999999
2013-06-26 00:00:00,54372.66999999995,32011.394600000032,135,54372.66999999995
2013-06-27 00:00:00,53188.51999999993,30586.655300000028,146,53188.51999999993
2013-06-28 00:00:00,58704.679999999964,34611.50870000002,114,58704.679999999964
2013-06-29 00:00:00,57303.259999999915,33564.50890000002,145,57303.259999999915
2013-06-30 00:00:00,26021.939999999995,15586.778599999998,74,26021.939999999995
2013-07-01 00:00:00,41351.119999999995,24541.249100000005,104,41351.119999999995
2013-07-02 00:00:00,46001.85999999999,26264.60120000001,113,46001.85999999999
2013-07-03 00:00:00,39307.689999999995,23285.09400000002,104,39307.689999999995
2013-07-04 00:00:00,37844.720000000016,21824.299600000013,116,37844.720000000016
2013-07-05 00:00:00,35143.05000000002,20330.97400000001,117,35143.05000000002
2013-07-06 00:00:00,52403.38999999995,31709.05870000002,120,52403.38999999995
2013-07-07 00:00:00,49084.44999999994,28399.583500000022,132,49084.44999999994
2013-07-08 00:00:00,34762.31000000004,20179.075100000005,86,34762.31000000004
2013-07-09 00:00:00,47527.36000000002,28041.040500000043,149,47527.36000000002
2013-07-10 00:00:00,47916.589999999975,28293.773300000004,124,47916.589999999975
2013-07-11 00:00:00,46251.77999999999,27668.39980000001,93,46251.77999999999
2013-07-12 00:00:00,41455.87999999997,24411.687,96,41455.87999999997
2013-07-13 00:00:00,44741.119999999995,25604.054200000006,123,44741.119999999995
2013-07-14 00:00:00,50342.51999999995,29738.836099999997,130,50342.51999999995
2013-07-15 00:00:00,42970.049999999996,25378.47970000001,119,42970.049999999996
2013-07-16 00:00:00,30053.44000000005,17546.474099999996,96,30053.44000000005
2013-07-17 00:00:00,28466.440000000035,17115.3082,120,28466.440000000035
2013-07-18 00:00:00,34412.86000000003,20196.501200000002,98,34412.86000000003
2013-07-19 00:00:00,59025.48999999995,34508.69570000002,159,59025.48999999995
2013-07-20 00:00:00,37190.48999999998,22081.151800000003,107,37190.48999999998
2013-07-21 00:00:00,42726.92000000002,26240.097099999995,104,42726.92000000002
2013-07-22 00:00:00,37642.36,21631.455199999997,84,37642.36
2013-07-23 00:00:00,68173.68000000004,40415.279200000026,136,68173.68000000004
2013-07-24 00:00:00,32861.050000000054,19533.7931,95,32861.050000000054
2013-07-25 00:00:00,44311.520000000004,25890.943000000003,125,44311.520000000004
2013-07-26 00:00:00,52722.58999999999,30672.492299999998,114,52722.58999999999
2013-07-27 00:00:00,52538.909999999996,30780.487100000013,141,52538.909999999996
2013-07-28 00:00:00,40383.55000000003,23927.408099999997,112,40383.55000000003
2013-07-29 00:00:00,43052.86999999996,24908.94120000003,114,43052.86999999996
2013-07-30 00:00:00,35779.480000000025,21297.41920000001,109,35779.480000000025
2013-07-31 00:00:00,56882.549999999916,33191.411900000036,143,56882.549999999916
2013-08-01 00:00:00,48505.23999999998,28502.771600000007,99,48505.23999999998
2013-08-02 00:00:00,56229.43999999996,32519.385000000013,138,56229.43999999996
2013-08-03 00:00:00,48267.08999999998,28914.212300000007,99,48267.08999999998
2013-08-04 00:00:00,54514.35999999997,32025.328700000024,142,54514.35999999997
2013-08-05 00:00:00,46770.49999999999,27875.46880000001,126,46770.49999999999
2013-08-06 00:00:00,69307.31999999999,41200.91300000003,126,69307.31999999999
2013-08-07 00:00:00,65989.83000000006,39757.40900000002,122,65989.83000000006
2013-08-08 00:00:00,41801.21999999996,25122.72140000001,113,41801.21999999996
2013-08-09 00:00:00,47856.35999999992,27467.560000000034,128,47856.35999999992
2013-08-10 00:00:00,37473.07,21913.04340000001,88,37473.07
2013-08-11 00:00:00,32764.290000000034,19469.447800000005,125,32764.290000000034
2013-08-12 00:00:00,40826.48999999999,23665.900300000005,117,40826.48999999999
2013-08-13 00:00:00,51487.779999999984,30087.276700000006,106,51487.779999999984
2013-08-14 00:00:00,64984.01999999992,38675.35840000003,121,64984.01999999992
2013-08-15 00:00:00,37341.59000000001,22629.598600000005,102,37341.59000000001
2013-08-16 00:00:00,59886.33999999989,34734.10090000002,153,59886.33999999989
2013-08-17 00:00:00,56514.0599999999,33169.47950000003,140,56514.0599999999
2013-08-18 00:00:00,41229.87999999998,24019.05160000001,118,41229.87999999998
2013-08-19 00:00:00,80819.12000000014,47110.03030000001,183,80819.12000000014
2013-08-20 00:00:00,43335.75999999998,25381.519400000023,127,43335.75999999998
2013-08-21 00:00:00,42623.27999999999,24575.18290000001,101,42623.27999999999
2013-08-22 00:00:00,45124.17,26458.205100000006,111,45124.17
2013-08-23 00:00:00,58650.359999999964,34884.65830000002,108,58650.359999999964
2013-08-24 00:00:00,28023.530000000013,16743.713200000002,73,28023.530000000013
2013-08-25 00:00:00,34845.16000000001,20656.696099999994,89,34845.16000000001
2013-08-26 00:00:00,44866.96000000003,26265.782300000017,137,44866.96000000003
2013-08-27 00:00:00,58840.57999999996,34599.62340000002,131,58840.57999999996
2013-08-28 00:00:00,47306.67999999998,27956.6318,106,47306.67999999998
2013-08-29 00:00:00,68586.02999999998,40714.58209999998,125,68586.02999999998
2013-08-30 00:00:00,39623.94,23514.91770000001,95,39623.94
2013-08-31 00:00:00,35851.510000000024,21114.2062,100,35851.510000000024
2013-09-01 00:00:00,35332.81000000003,21108.2266,108,35332.81000000003
2013-09-02 00:00:00,57055.03999999999,33438.36010000004,117,57055.03999999999
2013-09-03 00:00:00,29451.21,17208.341699999997,107,29451.21
2013-09-04 00:00:00,49479.01999999999,29548.672699999996,129,49479.01999999999
2013-09-05 00:00:00,49756.86999999997,29107.137500000023,112,49756.86999999997
2013-09-06 00:00:00,57842.37999999996,34461.73970000001,144,57842.37999999996
2013-09-07 00:00:00,46324.62000000004,27955.108000000015,119,46324.62000000004
2013-09-08 00:00:00,45280.03999999991,25662.91090000002,117,45280.03999999991
2013-09-09 00:00:00,76281.65000000008,44241.90900000002,142,76281.65000000008
2013-09-10 00:00:00,57847.179999999986,33951.89610000002,142,57847.179999999986
2013-09-11 00:00:00,39841.14000000001,23252.218300000008,105,39841.14000000001
2013-09-12 00:00:00,36790.849999999955,21945.048300000002,114,36790.849999999955
2013-09-13 00:00:00,27257.540000000026,16303.6088,73,27257.540000000026
2013-09-14 00:00:00,45777.51999999998,26901.92170000001,102,45777.51999999998
2013-09-15 00:00:00,56550.60000000003,33697.66610000001,107,56550.60000000003
2013-09-16 00:00:00,56731.479999999996,33454.145000000004,117,56731.479999999996
2013-09-17 00:00:00,52375.57999999998,31310.357600000018,118,52375.57999999998
2013-09-18 00:00:00,44175.75999999998,26601.680400000012,133,44175.75999999998
2013-09-19 00:00:00,35973.98999999999,21126.85760000001,114,35973.98999999999
2013-09-20 00:00:00,50388.91999999997,29665.318600000013,113,50388.91999999997
2013-09-21 00:00:00,48003.759999999995,27564.792100000002,121,48003.759999999995
2013-09-22 00:00:00,33216.74000000001,20089.346200000004,100,33216.74000000001
2013-09-23 00:00:00,42999.15999999999,25886.099599999998,99,42999.15999999999
2013-09-24 00:00:00,61227.48999999997,35076.550100000015,152,61227.48999999997
2013-09-25 00:00:00,45057.47,25969.04860000002,117,45057.47
2013-09-26 00:00:00,31978.660000000025,18474.3359,104,31978.660000000025
2013-09-27 00:00:00,52357.85999999994,30566.114800000025,123,52357.85999999994
2013-09-28 00:00:00,50853.66999999999,29631.917700000013,105,50853.66999999999
2013-09-29 00:00:00,59305.099999999904,35974.25680000001,136,59305.099999999904
2013-09-30 00:00:00,52981.73999999991,31297.866900000015,133,52981.73999999991
2013-10-01 00:00:00,64568.49999999988,38394.947500000024,188,64568.49999999988
2013-10-02 00:00:00,58477.36999999994,34748.53300000003,125,58477.36999999994
2013-10-03 00:00:00,28390.909999999993,17142.787199999995,95,28390.909999999993
2013-10-04 00:00:00,62027.80999999993,36094.913799999995,134,62027.80999999993
2013-10-05 00:00:00,44483.95,26254.955600000012,116,44483.95
2013-10-06 00:00:00,47707.71999999998,28008.87170000001,139,47707.71999999998
2013-10-07 00:00:00,52056.399999999936,31348.173400000018,108,52056.399999999936
2013-10-08 00:00:00,49194.45999999997,29341.341700000008,128,49194.45999999997
2013-10-09 00:00:00,41475.169999999984,24989.538000000015,103,41475.169999999984
2013-10-10 00:00:00,47922.31999999992,27930.16360000003,124,47922.31999999992
2013-10-11 00:00:00,23729.580000000024,14107.414799999999,81,23729.580000000024
2013-10-12 00:00:00,51763.39999999996,29771.65280000002,143,51763.39999999996
2013-10-13 00:00:00,48149.26999999998,27546.621100000004,147,48149.26999999998
2013-10-14 00:00:00,47608.09,28073.536500000013,117,47608.09
2013-10-15 00:00:00,44496.140000000014,26322.405400000025,131,44496.140000000014
2013-10-16 00:00:00,66667.16999999997,39989.38480000003,148,66667.16999999997
2013-10-17 00:00:00,68180.74999999993,39997.48750000004,156,68180.74999999993
2013-10-18 00:00:00,49998.309999999954,29807.65560000001,124,49998.309999999954
2013-10-19 00:00:00,44742.179999999986,26513.597899999993,103,44742.179999999986
2013-10-20 00:00:00,54725.58999999999,33023.797200000015,130,54725.58999999999
2013-10-21 00:00:00,65129.27999999992,38069.71660000001,140,65129.27999999992
2013-10-22 00:00:00,56767.08999999998,32784.192400000014,141,56767.08999999998
2013-10-23 00:00:00,50266.219999999965,30623.517100000005,135,50266.219999999965
2013-10-24 00:00:00,55539.23999999995,32538.883200000022,121,55539.23999999995
2013-10-25 00:00:00,81487.16000000006,48119.28960000002,139,81487.16000000006
2013-10-26 00:00:00,62999.279999999904,36917.55280000002,155,62999.279999999904
2013-10-27 00:00:00,53557.539999999906,30874.880300000015,127,53557.539999999906
2013-10-28 00:00:00,54771.27000000002,31899.31969999999,132,54771.27000000002
2013-10-29 00:00:00,81740.5800000001,48454.11030000003,170,81740.5800000001
2013-10-30 00:00:00,33480.73000000005,19350.278899999994,117,33480.73000000005
2013-10-31 00:00:00,59215.999999999985,35152.85930000002,128,59215.999999999985
2013-11-01 00:00:00,56151.02999999996,33420.15119999999,144,56151.02999999996
2013-11-02 00:00:00,69660.00000000007,40842.27880000003,154,69660.00000000007
2013-11-03 00:00:00,55200.239999999954,32470.486000000026,140,55200.239999999954
2013-11-04 00:00:00,69411.75000000003,40614.31640000002,145,69411.75000000003
2013-11-05 00:00:00,57403.999999999935,32786.168500000014,145,57403.999999999935
2013-11-06 00:00:00,68123.20000000003,39471.4034,149,68123.20000000003
2013-11-07 00:00:00,49689.23000000002,28558.544800000018,117,49689.23000000002
2013-11-08 00:00:00,59681.1599999999,34435.556700000016,129,59681.1599999999
2013-11-09 00:00:00,59510.95999999999,34759.428400000026,155,59510.95999999999
2013-11-10 00:00:00,44752.809999999976,25976.002000000015,134,44752.809999999976
2013-11-11 00:00:00,59240.169999999925,35643.86060000001,149,59240.169999999925
2013-11-12 00:00:00,62791.889999999934,36757.83480000002,135,62791.889999999934
2013-11-13 00:00:00,68527.20999999988,39972.85030000003,149,68527.20999999988
2013-11-14 00:00:00,53418.98,31184.92940000001,140,53418.98
2013-11-15 00:00:00,47254.95999999992,27703.29450000001,112,47254.95999999992
2013-11-16 00:00:00,62213.66999999997,37409.63920000002,131,62213.66999999997
2013-11-17 00:00:00,78048.85000000011,45750.402600000016,159,78048.85000000011
2013-11-18 00:00:00,67469.18999999994,38826.31540000002,147,67469.18999999994
2013-11-19 00:00:00,58990.98999999992,34923.77990000003,118,58990.98999999992
2013-11-20 00:00:00,60588.4699999999,36878.13020000002,127,60588.4699999999
2013-11-21 00:00:00,64986.15999999996,37938.902700000035,120,64986.15999999996
2013-11-22 00:00:00,64291.90999999991,38367.96710000001,149,64291.90999999991
2013-11-23 00:00:00,46691.32000000001,26942.888400000018,132,46691.32000000001
2013-11-24 00:00:00,54048.28999999996,31868.216500000028,116,54048.28999999996
2013-11-25 00:00:00,59367.739999999896,35312.58810000004,130,59367.739999999896
2013-11-26 00:00:00,63905.77999999996,38189.48060000001,129,63905.77999999996
2013-11-27 00:00:00,44996.230000000025,25846.39460000001,122,44996.230000000025
2013-11-28 00:00:00,73668.87999999999,42915.7559,161,73668.87999999999
2013-11-29 00:00:00,44373.97,26215.276900000015,97,44373.97
2013-11-30 00:00:00,34999.340000000004,20721.379400000005,109,34999.340000000004
2013-12-01 00:00:00,57608.339999999946,33588.102800000015,135,57608.339999999946
2013-12-02 00:00:00,48655.15999999992,29178.757500000014,113,48655.15999999992
2013-12-03 00:00:00,65318.70999999996,38537.09620000004,145,65318.70999999996
2013-12-04 00:00:00,81591.74000000012,47992.99370000001,156,81591.74000000012
2013-12-05 00:00:00,88479.79000000007,51512.82130000002,180,88479.79000000007
2013-12-06 00:00:00,61426.22999999997,36425.44700000004,145,61426.22999999997
2013-12-07 00:00:00,62916.819999999956,36974.21610000001,143,62916.819999999956
2013-12-08 00:00:00,57605.52999999992,33379.00190000001,119,57605.52999999992
2013-12-09 00:00:00,78626.80000000006,45147.57420000002,174,78626.80000000006
2013-12-10 00:00:00,54226.33999999998,32034.176800000005,118,54226.33999999998
2013-12-11 00:00:00,57233.79999999997,34483.2393,120,57233.79999999997
2013-12-12 00:00:00,95508.88000000015,56381.21960000004,215,95508.88000000015
2013-12-13 00:00:00,64882.449999999895,37990.754400000034,150,64882.449999999895
2013-12-14 00:00:00,57811.60999999991,34232.82830000003,113,57811.60999999991
2013-12-15 00:00:00,70119.82999999996,40902.80740000004,169,70119.82999999996
2013-12-16 00:00:00,57396.319999999905,33586.81120000002,134,57396.319999999905
2013-12-17 00:00:00,70858.14000000001,42014.46190000003,145,70858.14000000001
2013-12-18 00:00:00,66614.0899999999,39299.48690000003,147,66614.0899999999
2013-12-19 00:00:00,82160.49000000009,49100.558300000026,174,82160.49000000009
2013-12-20 00:00:00,66019.10000000002,37724.678000000014,156,66019.10000000002
2013-12-21 00:00:00,47980.00000000001,28716.302800000027,119,47980.00000000001
2013-12-22 00:00:00,65101.71999999991,38246.882900000004,146,65101.71999999991
2013-12-23 00:00:00,76204.99000000014,45356.46960000001,152,76204.99000000014
2013-12-24 00:00:00,68746.74000000005,40576.17010000003,148,68746.74000000005
2013-12-25 00:00:00,57642.41999999999,34491.17520000001,140,57642.41999999999
2013-12-26 00:00:00,77874.86000000004,45950.83950000001,170,77874.86000000004
2013-12-27 00:00:00,60122.09999999993,35316.76420000002,130,60122.09999999993
2013-12-28 00:00:00,47817.24999999999,27376.09360000002,107,47817.24999999999
2013-12-29 00:00:00,1524.1900000000005,711.7887000000005,59,1524.1900000000005
2013-12-30 00:00:00,1223.4400000000003,561.3005000000003,58,1223.4400000000003
2013-12-31 00:00:00,1491.4400000000005,678.1600000000004,56,1491.4400000000005
